Date,spy,ko,pep,usdx
2019-07-30,-0.0024576870130823903,-0.005013636629197123,-0.00801485933955869,0.00010201576864480276
2019-07-31,-0.011000966085863094,-0.020498756420016126,-0.0206751944705795,0.0047819554118503005
2019-08-01,-0.00874583090340136,-0.011466096494631983,-0.005255963029779638,-0.001320372504427066
2019-08-02,-0.00755772798442,0.00574935734070562,0.006116128153227704,-0.0029518156572877624
2019-08-05,-0.030534770026058825,-0.01307942251720921,-0.027902692484596318,-0.006134973013194671
2019-08-06,0.013925568792014533,0.011932259020555499,0.016344779187505275,0.0013324171012161071
2019-08-07,0.0005907021342938342,0.01725966744206048,0.01046291311361182,-0.0009222354369379221
2019-08-08,0.019429852348290835,0.009544618239695001,0.013139213478244262,0.000819858926365172
2019-08-09,-0.00683494395163635,-0.0050418028369938975,-0.006742401096443836,-0.001332631865568523
2019-08-12,-0.01224761949582884,-0.004126798594344909,-0.0019458214864395932,-0.0011289641791076938
2019-08-13,0.015431867388685258,0.005623351125780014,0.012234840469347034,0.004405973791930665
2019-08-14,-0.030013616474040796,-0.009578432853678653,-0.00625369144112821,0.0018386145055329314
2019-08-15,0.0026382353676937635,0.016470710394737867,0.012315365768296279,0.0015296135953325337
2019-08-16,0.014647013956558666,0.009974066637683672,0.007924588764940458,0.0
2019-08-19,0.011976013270878664,0.005133001622394481,0.006128837315537643,0.002137504877720227
2019-08-20,-0.007692142341574257,-0.01492161189918084,-0.003854655238526101,-0.0016281272749836817
2019-08-21,0.008102749879968656,0.004074740764810383,0.0021179398092438357,0.0011196561531680847
2019-08-22,-0.0003079957325142961,0.007183211777649959,0.002415226179973197,-0.0013234071459158436
2019-08-23,-0.026023084688146538,-0.013859663054097504,-0.018180135536686518,-0.00541341177883454
2019-08-26,0.010997608839484072,0.01477685695865322,0.02628829094077898,0.004496251583173567
2019-08-27,-0.003931300390924077,0.0032947909115726027,0.007597772717512493,-0.0008160121863206838
2019-08-28,0.0070167258942246055,0.007102031640864123,0.003185858472411786,0.0021405551769712607
2019-08-29,0.012692327056871509,-0.0010895007269848041,0.006121007586425669,0.0030500537054619433
2019-08-30,-0.0004442809789952159,-0.00018159349567296816,0.005205946347886753,0.004153336589750415
2019-09-03,-0.005864605460436229,0.00471271390239094,0.005324960958351747,0.00030321706440593907
2019-09-04,0.011286575483894948,0.008463243111186533,0.012219261838645346,-0.005065867120075074
2019-09-05,0.01277329642266682,-0.011723578899375977,-0.0161577669270457,-0.0004063119634158585
2019-09-06,0.0007720400166156069,0.00199369022828817,0.010170072455376614,-0.0002032954493865235
2019-09-09,0.0005030023779173035,-0.012938653108989461,-0.007086105689195868,-0.0011186314419722764
2019-09-10,-0.0002348637168329265,-0.0022034894127817475,-0.003966867784551371,0.0005086521812793872
2019-09-11,0.007086350093573224,0.006778397889514117,0.0036735809822033274,0.0032490605226349663
2019-09-12,0.003457569706410316,0.006188770512425196,0.006797000755778425,-0.003452521391146258
2019-09-13,-0.0006640979993096192,-0.008259332344163527,-0.006210513143011228,-0.0005086780639868212
2019-09-16,-0.003093356136828549,-0.005544364775871298,-0.011499395881740933,0.0039611994551330635
2019-09-17,0.002528835361422877,0.00517566342305195,0.006060995856267455,-0.003961199455132959
2019-09-18,0.0005980563077434329,-0.00018424234172910228,-0.001474869505203908,0.0034541976520513214
2019-09-19,-6.696365466031717e-05,0.00533333538194766,-0.0001478270310588332,-0.0033524879191186474
2019-09-20,-0.004735928460869831,-0.011251652978829739,-0.005699535834215741,0.0024393293389793013
2019-09-23,-0.00023437572105700625,0.0042571708931835,0.005404383035084669,0.0009131585801393265
2019-09-24,-0.007877948234072544,0.0029510059724709844,-0.0005908191490412272,-0.002640421388617224
2019-09-25,0.0058971405172634815,-0.002397063497802775,-0.001996548307471026,0.007092993435774775
2019-09-26,-0.002085054265161561,0.004053081140427965,0.0046524898967562935,0.0017149882533332049
2019-09-27,-0.005401735560276801,-0.001471774137105154,-0.0008844044986581966,-0.0010084558566931963
2019-09-30,0.004626691797904106,0.002390732591220709,0.011001067764732909,0.002720507960061469
2019-10-01,-0.011965724505638726,0.0038501930521061068,0.0019673685333249378,-0.0025187661990677145
2019-10-02,-0.017822553990077383,-0.02914917978990223,-0.02528593517801151,-0.0009082741576337149
2019-10-03,0.008159334603233506,0.014216476839935516,0.02935444474915784,-0.0018191041275906017
2019-10-04,0.01344147049866509,0.012917897225817137,0.01689409017411375,-0.0005059245539288802
2019-10-07,-0.004324368895991052,-0.012360708656821649,-0.013926045536985805,0.001820023852667955
2019-10-08,-0.015646427075542996,-0.005397861589975038,-0.007983113094072741,0.001514173084516282
2019-10-09,0.00945153192713828,0.00465490123718887,0.004434732655687147,-0.00020172140541462153
2019-10-10,0.006741012932574615,-0.0031630899683642274,0.00029017906788737487,-0.004145015875675361
2019-10-11,0.010313602970714207,-0.006731476033416279,-0.0018144753932800514,-0.004162190956407235
2019-10-14,-0.001114399745847846,0.0,-0.0013816385086442965,0.001524715888616756
2019-10-15,0.009851316964554421,0.003932057758953081,-0.008181606063630461,-0.0016264721939960077
2019-10-16,-0.001607091982191981,-0.0003736278234772019,0.0006597787953830538,-0.0028527658159559956
2019-10-17,0.002944491984628917,0.005592864255379143,0.003950740732072752,-0.004089582637299097
2019-10-18,-0.0043863727660501785,0.018237544005980853,-0.005197605665033044,-0.003386547770324567
2019-10-21,0.006756276341894782,-0.010090825878917294,-0.0009546567013180913,0.0005138795817415408
2019-10-22,-0.0032721831160055998,-0.007032258151895885,0.0039594307391998245,0.002052725216490631
2019-10-23,0.002905086048762604,0.014564110373623072,0.0057639181633258926,-0.0006153595947385376
2019-10-24,0.0016328462953328511,-0.0005490180212964291,0.0031961139019243954,0.0016401442320135907
2019-10-25,0.00408677452533473,-0.015873698497930137,-0.00910647935173012,0.002046502081018899
2019-10-28,0.005620388553130141,-0.003354237208200114,-0.000512422158140131,-0.0007157799109669424
2019-10-29,-0.0002965764003881094,-0.002991360340956348,-0.003594451510931213,-0.0007162926188557948
2019-10-30,0.0030624572020196998,0.009874369231036916,0.006007771376597627,-0.00040955170752591836
2019-10-31,-0.0026666840964680943,0.00904328320643261,0.0019703642595989674,-0.0030769568046334138
2019-11-01,0.009221116634733118,-0.009784878421589826,-0.0017512430791960553,-0.0011305886647711926
2019-11-04,0.0040099028723093845,-0.01420069836635069,-0.013010568836327932,0.002772831275553376
2019-11-05,-0.0011071176527331324,-0.013641582417840687,-0.008544713774343633,0.0048084517170082835
2019-11-06,0.00022827919587436866,0.007222746451637239,0.0032035978537365306,-0.0003062972375773831
2019-11-07,0.0035103069793676767,-0.00970588497462217,-0.008365808165633834,0.0019379112082973135
2019-11-08,0.002463169937014535,-0.0015310920109851097,-0.001426055784974148,0.002137504877720227
2019-11-11,-0.0019115235625299415,-0.007111975314788806,-0.005574120284771836,-0.0015263450368287173
2019-11-12,0.0021056541654497986,-0.002511206244956742,-0.0031017737876616065,0.001119542261623349
2019-11-13,0.00032374790046623076,0.013446442656198728,0.009876830734654276,0.0006101809005178846
2019-11-14,0.001454624176583553,0.004188986161632905,0.00030004093873824887,-0.0021370697353896044
2019-11-15,0.00721035758651835,0.0007596477595402494,0.0035936781042450808,-0.0016313590396361444
2019-11-18,0.0007374080562077892,0.006811882302982527,0.0018664896927191256,-0.002145146984210623
2019-11-19,-0.00028859956843648506,0.0009422704560456651,0.003797045433365042,0.0007155604116033268
2019-11-20,-0.0037256901144289358,0.002634000725512806,-0.006186733768482057,0.0007150487510028528
2019-11-21,-0.0016101339975427128,-0.00489720426332551,0.0012703145479776435,0.000612469998264637
2019-11-22,0.002221412491590959,0.001320933081767176,0.0011940729417375397,0.002853347366793373
2019-11-25,0.0077203788789669495,0.0035762711815584304,-0.0017917719966559123,0.0005087039398503812
2019-11-26,0.0022631551609187564,0.012696462815994165,0.013876278873452476,-0.0007122114045053861
2019-11-27,0.004447595188579014,0.0009270682708825062,0.001546259749336164,0.0016272113742997409
2019-11-29,-0.0037157687458867924,-0.00280498637201451,-0.0005889010285354702,-0.00142370390964475
2019-12-02,-0.008531123064623216,0.006532770972379651,0.00036813517098368084,-0.0041808661160609665
2019-12-03,-0.006728991871863949,0.0009299382885617004,-0.003095598506610249,-0.0012270221122121542
2019-12-04,0.0061512140826532336,0.009066451834655048,0.013491959559340943,-0.0009211970370645112
2019-12-05,0.0017965515600731976,-0.0018436160704800768,-3.671874692186301e-05,-0.00246076057102523
2019-12-06,0.009092625041789053,0.004235246790941922,0.007453348384488906,0.002972615435067598
2019-12-09,-0.0031494312978712522,-0.006452082046045389,-0.0014568958924780031,-0.0006142885390111692
2019-12-10,-0.00111537055169965,-0.005564082996824989,-0.006510034937786087,-0.0023583268960564625
2019-12-11,0.002834772620209099,0.003342163498164921,0.006072310984128124,-0.0025697705521583207
2019-12-12,0.00858186740544101,0.0035156705548785496,0.0005834041186408738,0.002467084489092802
2019-12-13,0.000598818008601013,0.005158330989827076,0.005524845992307329,-0.0023642233070768786
2019-12-16,0.006846605649345572,0.0,-0.00640011075737969,-0.001029638427258675
2019-12-17,0.00021886155027893303,0.0,-0.006514615177053292,0.0014412128346793487
2019-12-18,6.290110909550562e-05,-0.009415686800754629,-0.0014698240538470824,0.002055334962721688
2019-12-19,0.004090548979789624,0.00757655770390211,0.0036705173383208244,0.00010259720526384372
2019-12-20,0.004374572194959265,0.011895139018810938,0.010568970926617337,0.0029723890034826007
2019-12-23,0.0015266709730635552,-0.001092153529071288,-0.006400980400136046,-0.0005118024543353672
2019-12-24,3.1136407849509165e-05,-0.0036489676624909756,-0.001095319286813766,-0.00010242318338562411
2019-12-26,0.005309217112569594,0.005650273902863575,-0.0014619019667753423,-0.000614681320776069
2019-12-27,-0.0002476988752189865,0.0059799215265849874,0.006199254982084787,-0.006889114572020835
2019-12-30,-0.005528766991304803,-0.0014463600051366672,-0.005321807834097919,-0.001858931743237913
2019-12-31,0.002426689424957174,0.001446360005136753,-0.0010236495894190075,-0.0036244898488808513
2020-01-02,0.009308200346873352,-0.006525235981306957,-0.006238653409097559,0.004760918634158697
2020-01-03,-0.007600937253229174,-0.005470503360263589,-0.0013999755320193085,-0.00010327984415574736
2020-01-06,0.00380754037035953,-0.0003658344542279989,0.003826483598925594,-0.0017569967185531493
2020-01-07,-0.002815430158436948,-0.007712021607071833,-0.015842709145389346,0.003201708756683483
2020-01-08,0.0053152329324630855,0.0018414997830339195,0.005135474156879443,0.003294214264470894
2020-01-09,0.006757838544421189,0.01805133749591122,0.0006680819203607139,0.001540374081053393
2020-01-10,-0.0028818668223555537,0.0034273624181693657,-0.0019307787465600394,-0.0009239396891402586
2020-01-13,0.006853980358217272,0.010747151344144968,0.014757068412503472,-0.00010273880423501726
2020-01-14,-0.0015259606107675527,-0.0023186848377707552,0.002341237938944351,0.00020546705429241687
2020-01-15,0.0022572482591122493,0.012422537960032108,0.017025945041208388,-0.0014388428510839087
2020-01-16,0.008283859551247453,0.002114116977836095,0.002941270274648156,0.000925174432261699
2020-01-17,0.003107769917786192,0.0021095062976599116,0.011749250274233437,0.0029754386603104773
2020-01-21,-0.0019600068761406117,0.004031261636293853,0.004238529186954684,-0.0008199429720924455
2020-01-22,0.00012075084767405108,0.0076669270442933255,0.010657854471511446,0.0
2020-01-23,0.0011461136908734284,0.003811643660843741,0.0018812384414563087,0.0016392141884711308
2020-01-24,-0.008932756993678957,-0.002597342250364069,-0.00509481421840534,0.0016364535918099031
2020-01-27,-0.016159223118296522,-0.0034734266958974234,-0.0054724575387125555,0.0011235444900128861
2020-01-28,0.010424684985997034,-0.008210407003303983,0.002108300369510726,0.0006122824959291072
2020-01-29,-0.0008264552925281338,0.0,-0.004996724057288603,-0.00030609438673345773
2020-01-30,0.0032399952258406464,0.0319351344534764,0.014708126716940806,-0.0012253153459300177
2020-01-31,-0.018324835399118652,-0.007845745639259267,-0.012663994961769438,-0.004916565795280975
2020-02-03,0.007401157594834812,0.0030774539218498187,0.0034439337275767325,0.004201078538817561
2020-02-04,0.015126324087769866,0.004428452445580118,0.0049699769736803075,0.0016346144931978252
2020-02-05,0.011481686779475763,0.00017007980091975522,0.00751251503221968,0.0031595354759889898
2020-02-06,0.003359537939061869,0.002376049490612076,0.0002077894276468668,0.002337789964017686
2020-02-07,-0.005344191381144075,0.0033846652717165987,0.007179833638995353,0.0018257465756925959
2020-02-10,0.007437726181109354,0.009416437957024485,0.001992998969518222,0.001518926161673082
2020-02-11,0.0017316158849580284,-0.0026812106640872473,0.002879320495170855,-0.0011136483930240843
2020-02-12,0.006422090923064646,-0.0030254311161141993,0.0,0.0033372314324503645
2020-02-13,-0.0010676805206031954,0.0033608499683304774,0.0026661112186885474,0.0002018639496980783
2020-02-14,0.0016009018517324153,0.005687620680227346,0.003543793739733545,0.0005045971260188074
2020-02-18,-0.002580419163043249,-0.00703047587667969,-0.009501168072473417,0.003424279051060143
2020-02-19,0.0047699729531568355,0.004023454857865968,-0.0004809113105793872,0.0014066051888710213
2020-02-20,-0.004116822797032033,-0.0008369426868475059,-0.0025459756655941313,0.0027072184861321323
2020-02-21,-0.010351485745027396,0.006842040964061156,0.004742409113266307,-0.006126676075756423
2020-02-24,-0.03372797290779558,-0.02492138491297988,-0.0222548084045871,0.0003021785853846842
2020-02-25,-0.030770494752230666,-0.01425295288439801,-0.010855176431515526,-0.0032280840235715614
2020-02-26,-0.0036851574523226343,-0.003812230250541039,0.006217251344702055,0.0003030638919179913
2020-02-27,-0.045951660588420234,-0.0474626681430514,-0.04031436450046849,-0.005672599810777739
2020-02-28,-0.004210273626499762,-0.02656510640716837,-0.03234237368066402,-0.003154148094629094
2020-03-02,0.04239495166756924,0.04442745462364841,0.04117620610173529,-0.007877647280893692
2020-03-03,-0.029050239096663932,0.002500466851679091,-0.01464367846387307,-0.002159263418418368
2020-03-04,0.041173641058796596,0.049757874389930054,0.049007972997781285,0.0019537752536019633
2020-03-05,-0.03380661983053711,-0.03770103995116934,-0.023861991569218678,-0.005356385423915853
2020-03-06,-0.016669566030788625,-0.026430192953877718,-0.006101115548497052,-0.00902639071155808
2020-03-09,-0.08131244758051247,-0.06350144425012463,-0.053112725395595334,-0.011003468953308716
2020-03-10,0.05045042373750546,0.03412009293158701,0.030119631769171172,0.015786246966343988
2020-03-11,-0.049976750418087,-0.02739381545223545,-0.03327447077217051,0.001036683392819497
2020-03-12,-0.10056867124757171,-0.10172787328650547,-0.11772523276236346,0.009897998819150069
2020-03-13,0.08202800747750495,0.036130702164923735,0.09983976330783126,0.013046752908227162
2020-03-16,-0.1158865107524438,-0.06852146718156867,-0.11954005776489944,-0.0067060165391842055
2020-03-17,0.05258503105453971,0.04154651459488047,0.12165636799337276,0.015075972359764923
2020-03-18,-0.05195972356603042,-0.05064678091727515,-0.05471115156035727,0.01574209840111209
2020-03-19,0.0021225871296337616,-0.06970954062727734,-0.030053541916065307,0.015692735027299457
2020-03-20,-0.044050287828035196,-0.08816393726529498,-0.12135817145622879,0.0005836906290763782
2020-03-23,-0.0259007505741511,-0.01951008056730631,0.011955599154830037,-0.003214671659135032
2020-03-24,0.08673103699948681,0.04909432212173803,0.0791207557408323,-0.007344693602503864
2020-03-25,0.014859156761107219,0.05330654857294198,-0.011840734896498735,-0.006805044347558383
2020-03-26,0.05674875200107466,0.06241823730954057,0.06670295516645561,-0.01626219180094399
2020-03-27,-0.03023810613028641,-0.03398721246277024,0.0016616436348797351,-0.010617374803561131
2020-03-30,0.03195940978764339,0.04989088737643413,0.04082865818491988,0.00820047669237915
2020-03-31,-0.015017497457222228,-0.01680712311952946,-0.04382180372402251,-0.0013115801831416923
2020-04-01,-0.04604913040587159,-0.04933260591463976,-0.01662335171186592,0.006239906653357665
2020-04-02,0.02281322598077783,0.042529875968464366,0.0474506911517689,0.0051038603675523705
2020-04-03,-0.014559854283612809,-0.0027341996667217994,0.005876528084430514,0.0039848779730313096
2020-04-06,0.06500680187720025,0.06278307720078186,0.05138949268591422,0.001093065225506391
2020-04-07,0.001018880709256669,-0.0034342081090812334,-0.005197899166896614,-0.0070763146128082245
2020-04-08,0.03301725761134626,0.02777659438774249,0.016192358984663514,0.0013992944349989708
2020-04-09,0.015103102619234043,0.024376362892994538,0.007662316708772571,-0.0060108987368511415
2020-04-13,-0.00917224573544191,-0.04316319320377826,-0.02071752401161796,-0.001709641620417164
2020-04-14,0.029066199507653986,0.04152903624099397,0.05579085930971607,-0.0046408385293312685
2020-04-15,-0.021477091444430114,-0.027143378417306414,-0.02465107326182457,0.005747428971737732
2020-04-16,0.004812707916337549,-0.010769750472929843,0.00450739559934914,0.005714584712106837
2020-04-17,0.026656932864698384,0.020177267256400434,0.013983218733675978,-0.002502378594773782
2020-04-20,-0.01777479608210305,-0.03235301714388568,-0.022051718287605243,0.0018023466088692777
2020-04-21,-0.03083381614143409,-0.0250257696750982,-0.02719677973548403,0.0029967363344493643
2020-04-22,0.021951679358838638,0.006588976330538292,0.012748871247394059,0.001295761481367019
2020-04-23,-7.183182869111185e-05,-0.013443648741549139,-0.01795546239282836,0.00039837582030818376
2020-04-24,0.013842506777445423,0.007955916831008878,0.030990200301137544,-0.000498013578997181
2020-04-27,0.014315577766239325,0.029282961694710022,0.0007441941868881648,-0.003392841703910894
2020-04-28,-0.004608940232881399,-0.0008554299456845307,0.013738192701624512,-0.0017007474044158
2020-04-29,0.025841716141164865,0.008097190429998376,-0.021952803570330297,-0.0030084564215593027
2020-04-30,-0.009354477884983045,-0.026450291966329285,-0.008055750054293516,-0.005539095303350765
2020-05-01,-0.026830108096417185,-0.0063395428849204955,-0.01638577472249984,-0.0022241803896464697
2020-05-04,0.002754617478829945,-0.010138732094359228,0.005975511738180749,0.006859017037953738
2020-05-05,0.009196754564389394,0.005743224928045943,0.005712419875924202,0.0023093109787881917
2020-05-06,-0.006801715413265825,-0.014420766091337224,-0.006782174864147511,0.003803780983961886
2020-05-07,0.01199449264862523,-0.003357434584644492,0.005870564466197224,-0.0020001702089409
2020-05-08,0.016410946496265823,0.03329567245133128,0.020167677586823547,-0.0016030063598269273
2020-05-11,0.00020508676870548874,-0.012438617300510104,0.0011167882369458395,0.0051007212026602895
2020-05-12,-0.02013318100728357,-0.015936553276669645,-0.010773598599177045,-0.003097345349061247
2020-05-13,-0.017843996671168667,-0.019829448772209303,0.00015037205720596326,0.00309734534906125
2020-05-14,0.011896338818462008,-0.005476854300440727,0.000902137162112878,0.0022918983474946534
2020-05-15,0.004586359607346642,-0.010119754114651677,0.021336656167292335,-0.0006969651685236173
2020-05-18,0.03000513349237577,0.03876732315947574,-0.0031677211665625234,-0.007297511847432846
2020-05-19,-0.010324114985473453,-0.009607961576558738,-0.028365047610899818,-0.0030144257249692962
2020-05-20,0.01684529554251993,0.02985944445744852,-0.003574256083991259,-0.002519019852671667
2020-05-21,-0.006928028193420058,-0.015814039612962204,-0.008031548763485963,0.002519019852671609
2020-05-22,0.001897207743174432,-0.0031043019986425305,0.0020714980608439646,0.004918926301312116
2020-05-26,0.012245314530893184,0.023267201513498047,-0.005610510146037065,-0.009558828408124451
2020-05-27,0.014769381267786617,0.013790315243946177,0.008136263067642846,0.001515319737947648
2020-05-28,-0.0018467008412649697,0.00767428841907222,0.011250743537631596,-0.006888199065259023
2020-05-29,0.004446224392010751,-0.008744971627005752,-0.00560945350634517,-0.00040667870457291216
2020-06-01,0.004033478801556203,0.006619125769111687,0.010886881516806099,-0.005199527558490491
2020-06-02,0.008246099467257366,-0.001917359476457321,-0.0027105654712975434,-0.0016368664740114463
2020-06-03,0.01322044149305763,0.021098136632050585,0.001431526930177439,-0.004001025042514643
2020-06-04,-0.0026304115649238933,0.000417270904434776,-0.009353372823025157,-0.006186846677672824
2020-06-05,0.02530692517262267,0.024122467067018174,0.014220082496310313,0.0026856966101067147
2020-06-08,0.012014774590186659,0.015363025441935985,-0.0017380092258459858,-0.003306468049043464
2020-06-09,-0.007484376018522601,-0.01719802749308838,0.005731947129733813,-0.0031098091607432428
2020-06-10,-0.005595875059778856,-0.0077854844176323415,0.008686034660225326,-0.0037445499613823646
2020-06-11,-0.059377257958922125,-0.06544384194167331,-0.04803013471898285,0.007992198467841808
2020-06-12,0.011904396413875981,0.010360570886463472,0.009033021109680602,0.006080887880907707
2020-06-15,0.009292432731807264,0.015234293255771816,0.01140755605429931,-0.0065979557876870015
2020-06-16,0.019064897682933152,0.010099895832243078,0.009078669472784998,0.002891953886846593
2020-06-17,-0.004162643127870349,-0.00407064575329821,0.0006834632900108877,0.0020606289468201085
2020-06-18,0.00038484368781109183,0.008763548620037788,0.007711496302822386,0.0026723677574220592
2020-06-19,-0.005731066791247277,-0.02085862125048668,-0.01136128042927111,0.0020509090115185353
2020-06-22,0.006394491745231916,-0.0061030256127754395,-0.0017535072480667096,-0.0059591445241145916
2020-06-23,0.004593191322164745,-0.0021887761996297684,0.0023626032959094805,-0.0036132643250425932
2020-06-24,-0.025839561056865284,-0.0219300387791668,-0.013797525968898895,0.004746181784583317
2020-06-25,0.010663348581998069,0.0062514543333974755,0.014178245064863223,0.002877983039635605
2020-06-26,-0.024038139288628316,-0.030736936835736146,-0.019052702400392932,0.0007182034342949106
2020-06-29,0.014590715382357409,0.017969192060613853,0.01653839464807834,0.0004101816642783301
2020-06-30,0.012728191116656065,0.007187991781154649,0.008961675870379583,-0.0015390299620584962
2020-07-01,0.0069803982018825,0.0031284664046837157,0.000755799385607082,-0.001952849636313679
2020-07-02,0.005491883957643901,0.0013379553092023623,0.003695289060159526,0.0012338347098170114
2020-07-06,0.01531908073055742,0.007768066173604172,0.0033815796134493365,-0.005460822159623259
2020-07-07,-0.01036727431941541,-0.0004422117496840174,0.002023522512593659,0.0009293782745837542
2020-07-08,0.007619678885651085,-0.003101437149201,0.004854456411776959,-0.004655711207453064
2020-07-09,-0.0057094110851233565,-0.02607466866719773,-0.011313818960801922,0.0027960112131901233
2020-07-10,0.010158864777670295,0.02784810944699319,0.013100464372375576,-0.0005171494582061529
2020-07-13,-0.008696728970357092,0.0022123174982645764,0.0033407850246985056,-0.0019678162924543765
2020-07-14,0.012876062382887644,0.013608598359742291,0.0045116600998870195,-0.0020755190823018837
2020-07-15,0.009145135705106994,0.011488284121763663,-0.013595634233059132,-0.0018716892379267032
2020-07-16,-0.0032989295494884182,-0.00540259359493036,0.00142010546499408,0.002806182194208918
2020-07-17,0.0028949006853001215,0.01441342675736011,0.005809344599551417,-0.004264357502404642
2020-07-20,0.008049229834505041,-0.015063817071529227,-0.011577424914184729,-0.0011472140581443113
2020-07-21,0.00212518055841601,0.023147483435181235,0.009867782626466802,-0.007436526205550686
2020-07-22,0.005675813915395932,0.026757150791812206,0.011684675185321687,-0.0015782161490156016
2020-07-23,-0.012003247835407552,-0.004133809974689857,0.007836520725581804,-0.0029526413298705746
2020-07-24,-0.006461375034604907,0.004340156831106465,-0.007468754114276345,-0.0026436857098438593
2020-07-27,0.007265970613566771,-0.00020634685641661478,0.011763486883812294,-0.008186790395604068
2020-07-28,-0.006362487952532115,-0.00620714081674993,-0.002108625299637573,0.0009604009396220613
2020-07-29,0.012223481970528523,-0.003326314226768393,0.003995463183248718,-0.005347034326374444
2020-07-30,-0.0035743988643467334,-0.006896124653918177,-0.0017415373930270489,-0.0025768265787047538
2020-07-31,0.007871450250127119,-0.009480428979523295,-0.00021783735022724157,0.005039968145744427
2020-08-03,0.006928023072624426,-0.02009915958545913,-0.0069982902870910045,0.00010698044124570928
2020-08-04,0.003855269307991558,0.008387935179991738,0.005617145770431687,-0.001284276164808909
2020-08-05,0.0061918402255819694,0.011287564633420797,-0.008914357986122503,-0.00590727699317517
2020-08-06,0.006662136190234002,0.005491230747038664,-0.0028664658024734856,-0.0004309979049096572
2020-08-07,0.0007174916036067524,0.00671697182775498,0.006456319509695274,0.00698065997623259
2020-08-10,0.0029846559893584057,-0.0016750399776979579,-0.005573473459590681,0.0014971597968210537
2020-08-11,-0.00828889987152208,0.0043909769885407115,-0.006344580761151839,0.0005341106115732474
2020-08-12,0.01384602955672878,0.01037776428329991,0.01964025531265546,-0.002031270408394264
2020-08-13,-0.001809473299093513,-0.0010328302178006046,0.002174757819030307,-0.0010708439203949483
2020-08-14,2.9866103791020454e-05,0.0014456464140585698,-0.003917939379510053,-0.0025745333942405785
2020-08-17,0.0031713783053830087,-0.004965689264920516,0.0026137249637501287,-0.0026888965284360593
2020-08-18,0.002158159578871001,0.004346270547211629,0.001376399256865726,-0.006266246156081086
2020-08-19,-0.004172580280540643,-0.021923731210670542,-0.012092247867190107,0.006696965619910175
2020-08-20,0.0031088100075923083,-0.00042231901438580206,0.001976794074255617,-0.0010771055969901347
2020-08-21,0.003541225916300568,-0.0014794335695172494,-0.0019031856970384666,0.004945173292177445
2020-08-24,0.01008211859045143,0.01448847935887797,0.00860975172471244,0.0005360820384595766
2020-08-25,0.0034932071005278798,-0.001251628954761196,-0.002473275630786174,-0.0030056528547335207
2020-08-26,0.009975701123837753,0.005204729644674322,0.008485493587902597,-0.00010745048552533449
2020-08-27,0.002184149927418939,0.0014523327890847374,-0.000505597178895547,0.0
2020-08-28,0.006438621014277896,0.03263610557118788,0.011065645831187975,-0.006904756883039733
2020-08-31,-0.0036291127311046194,-0.006038805889626735,0.0008571173675135053,-0.002493127455491018
2020-09-01,0.00937454588634875,-0.008312348503645041,-0.0062308098099878905,0.002168224536276038
2020-09-02,0.014360223153612203,0.041277857793314374,0.029030289871353022,0.0055078939450372375
2020-09-03,-0.03502028943684365,-0.013966788847577693,-0.020573110328196535,-0.0011854154362119266
2020-09-04,-0.008198352889132739,0.011032488687806059,-0.004386433271919669,-0.00021564373172236047
2020-09-08,-0.027703137940426333,-0.02439386901850766,-0.023405367010275274,0.008163333384396777
2020-09-09,0.019554882802727894,0.007599921022241553,0.01144294301258423,-0.002356231295015289
2020-09-10,-0.017516087953052623,-0.003792740678553065,-0.01728817109606632,0.0008573870012291349
2020-09-11,0.0005089060342673865,0.020978234023474648,0.007761613417425509,-0.00010708209078612866
2020-09-14,0.013085236671502515,0.0011840999559624853,0.00631246759884777,-0.002789724278171819
2020-09-15,0.005039856533069321,0.006682316177599379,-0.007712522843882406,-0.00021487903340062237
2020-09-16,-0.003976651561813314,-0.005105940939559575,-0.004730229571924312,0.0017179863656381284
2020-09-17,-0.00883410036209019,-0.004736765563245279,-0.013274860849338025,-0.0025781286530227113
2020-09-18,-0.011579651240665002,-0.0019801209999075354,-0.013073042116974208,-0.0004303487446622587
2020-09-21,-0.011191680635323371,-0.027327417644017436,-0.0017509656160215996,0.006542637232109398
2020-09-22,0.010132815009512089,0.011544402321549163,0.006909893008171385,0.004799208818646536
2020-09-23,-0.02346420667286136,-0.029633172414021462,-0.008740369493292455,0.004246757966643636
2020-09-24,0.0026620097490311105,0.01011268056244443,0.004417755981805278,-0.00042387322855773867
2020-09-25,0.016037744320562587,0.00041049134072951835,0.014860908917083275,0.0024348009335587576
2020-09-28,0.016472799968869935,0.011428672431938108,0.03256044660632025,-0.003389112416825154
2020-09-29,-0.0054608063819246745,-0.0073321459639450704,-0.005888414774792708,-0.003933066389008079
2020-09-30,0.007553282299710423,0.00915662264476866,0.010444241415593124,0.0
2020-10-01,0.006399466846359074,-0.00385584905094031,0.015748342015559327,-0.0019189804038083074
2020-10-02,-0.00953977714475825,0.0036533689740510336,-0.019652355795344453,0.0013862679542446295
2020-10-05,0.017577468183214432,0.0004050884102012189,-0.0009418776222451415,-0.0035227600278867426
2020-10-06,-0.014317866971963805,-0.008950414421149437,-0.016299733015729716,0.0034162485242590543
2020-10-07,0.017256908565882315,0.012589097602978171,0.009607396152546131,-0.002133838200181357
2020-10-08,0.008823572262206425,0.017996598214246755,0.006112135213162781,-0.00021359371256752206
2020-10-09,0.00889066421047018,0.006912466592932611,0.004270907499213098,-0.005892801722059076
2020-10-12,0.015959420809778278,0.0054956276620904895,0.02630510683278859,0.00010747473687942946
2020-10-13,-0.006547506908184921,-0.01717541373393614,0.009871589203023298,0.004930332476371583
2020-10-14,-0.006303184066012923,-0.0019932285492663773,-0.0071313959802244385,-0.0016050672651663613
2020-10-15,-0.0012365289091425542,-0.0025971258562285863,-0.007677428481436836,0.00512715673922596
2020-10-16,-0.0006045962171399765,0.0007998085966103165,0.002118976941527595,-0.001919594321955695
2020-10-19,-0.015320308112135679,-0.008228859036158996,-0.014569716821070252,-0.0026722264758808198
2020-10-20,0.003998024938780084,0.012616657715948615,0.00021469754936198314,-0.003860601152594575
2020-10-21,-0.001894964745325906,-0.005187607276399848,-0.000787568567124264,-0.004954761145891666
2020-10-22,0.005470459852886978,0.013708328710514726,7.161198279353345e-05,0.0036645475624652473
2020-10-23,0.0033892756573889226,-0.0031620988378218036,-0.0003582300055461095,-0.0019384058555723712
2020-10-26,-0.018652780313082398,-0.014354332784740416,-0.010806470881040375,0.0030137404055984125
2020-10-27,-0.003453387364032994,0.002006023771522288,0.007648596315055426,-0.0011828659597670666
2020-10-28,-0.03477676985033464,-0.03965373936770537,-0.036229174098123616,0.00504429516397936
2020-10-29,0.010112116845612742,0.0012504727037270888,-0.0013423794265537818,0.00587070495747413
2020-10-30,-0.010479290687888602,0.0008326067062560169,-0.005238087158335591,0.0008510833604655255
2020-11-02,0.01114603455539477,0.011584542760290336,0.013858219752146338,0.00010635478790935434
2020-11-03,0.017501858862026376,0.014902894658132049,0.013887430676417624,-0.0053305028535134726
2020-11-04,0.022103104028795166,-0.0036541105967901905,0.005965955999199625,-0.0014976402523354752
2020-11-05,0.019315131660815908,0.005476170865927895,0.0013771420192678875,-0.00946554202101199
2020-11-06,-0.00022852962879470987,0.00020232147480740654,0.0023876227356187914,-0.003247409423384976
2020-11-09,0.012487352312402458,0.06118344533459217,0.0005057732975614123,0.005406587368252306
2020-11-10,-0.0014677128825357378,0.026467973423949524,0.023344035855756094,0.00021562047425022007
2020-11-11,0.00740130929213451,-0.0074375284598012775,0.015265299003143478,0.0031218165630121798
2020-11-12,-0.0097483939490603,-0.010695416583852351,-0.0004169343630787417,-0.000860234795571637
2020-11-13,0.013749499497846011,0.008266207739655964,0.006030204136742629,-0.0021537478380029952
2020-11-16,0.012405363410690018,0.007455550466457205,0.007229292365917364,-0.002050423634564982
2020-11-17,-0.005392984699210709,-0.0031617865902151777,-0.00357352474308361,-0.0016217261526176997
2020-11-18,-0.012107552278054181,-0.02013434951240678,-0.012889066275436624,-0.0010825861756400778
2020-11-19,0.004201267380209712,0.009835533166709287,-0.0004186780913598537,-0.0003249962565596812
2020-11-20,-0.006871455943041014,-0.008695680865269914,0.0006976609330655318,0.0010829378788029204
2020-11-23,0.005976482164567727,0.0001896772656145615,-0.0027931051842914187,0.0012980287987114857
2020-11-24,0.0159855196440951,0.010198540701133822,0.0070372584344621835,-0.0030312762300720403
2020-11-25,-0.0015430267410536324,-0.005464000996359383,0.0009021773390846529,-0.002605641378396873
2020-11-27,0.0027810008818651187,-0.004354817319463463,0.0030476390796810617,-0.0021764830614942315
2020-11-30,-0.004436751703795326,-0.013283378579774791,-0.00256231199322143,0.0008711949746213347
2020-12-01,0.010877787809547113,0.008490920074187851,0.01267683083802521,-0.0061142802890798535
2020-12-02,0.0021016637104650585,0.001344214695822361,-0.009976481210068146,-0.0020829346092942
2020-12-03,-0.00027277866216895595,0.012775344448325397,0.005922793082618124,-0.004509754747449625
2020-12-04,0.008580668144135375,0.020070165277171474,0.009645313627602169,-0.00011027105958152141
2020-12-07,-0.002056850356139387,-0.016099046359184115,-0.00329684114301211,0.0009918339933096278
2020-12-08,0.002921855387518761,0.003579067112595269,0.001031565261290633,0.0019806377850375553
2020-12-09,-0.009009436994125302,0.002816648651084571,0.001167460746350661,0.0013181933008047464
2020-12-10,-0.0003272898136120236,-0.0052642353051632,-0.007025752049811171,-0.0032988310858422898
2020-12-11,-0.0011731026712163875,0.005639055041237384,0.0020716935902441056,0.002090581571670238
2020-12-14,-0.004487254402534259,-0.0015005896210509813,-0.005117733993327082,-0.002972144505398307
2020-12-15,0.01342891595624825,0.010643294279509892,0.0037373093470154622,-0.0026492770033932304
2020-12-16,0.0015681679252396122,-0.014593343099956815,0.0008282789226101864,-0.00022113942897322524
2020-12-17,0.005576421800530811,0.003950048820446891,0.005643595859017786,-0.006989513839627397
2020-12-18,-0.004001069424806566,0.008784488269048582,0.008337777878603446,0.002224166311855897
2020-12-21,-0.0035818770780607656,-0.017457283952882027,-0.010467887937799552,0.00022219563272770309
2020-12-22,-0.0016867357534994557,-0.0009472160871691417,-0.009536195451353969,0.00675192782696248
2020-12-23,0.000898315500585572,0.006046845904891341,0.0027042157586908396,-0.0026510327786479215
2020-12-24,0.003882857043948949,0.006759328592902423,0.004491027981381517,-0.0008852698223750133
2020-12-28,0.008554063007403596,0.013383193234869329,0.012672812941921106,0.00011063825701472132
2020-12-29,-0.0019097489669961582,-0.000554176976586316,0.003465482520383066,-0.0036594906872421005
2020-12-30,0.0014259695515761212,0.00571064774532911,-0.0007465580119725674,-0.00423074427653805
2020-12-31,0.005067921022211114,0.0073207282956179185,0.006698153984999639,0.0034527537616808692
2021-01-04,-0.013707731087977565,-0.03866656679702389,-0.02755069656089306,-0.0006673917285882162
2021-01-05,0.00686383305659639,-0.011053987265991445,0.0029760288886722165,-0.004907380055435235
2021-01-06,0.005960750117709678,-0.03233002667436963,-0.01230770255951339,0.0010057143081235833
2021-01-07,0.01474813231938435,-0.011146607888143279,-0.0032235609880252344,0.0033452646131757638
2021-01-08,0.005681598163560571,0.022170499669177633,0.011931105614198108,0.003001132054229774
2021-01-11,-0.006763585149921256,-0.017378124702229925,-0.014601751255770023,0.004871604440768277
2021-01-12,0.00021108859540538437,-0.001794543345193644,-0.00465576658361653,-0.005426646608110303
2021-01-13,0.0026893216541791004,0.000997448736234438,0.008168403740673317,0.0029938109510210544
2021-01-14,-0.0035079160959346125,-0.018714717917765543,-0.005837810931002124,-0.0008861523855963913
2021-01-15,-0.007319426543184137,-0.010824037212305808,-0.002613595958063764,0.005966219504508901
2021-01-19,0.007821287463877046,-0.003909297584216446,0.004727771583108601,-0.0030891328756101786
2021-01-20,0.013743742517687311,0.0034983411706379784,-0.005152135332090501,-0.0003315331753251212
2021-01-21,0.000911222025436128,0.005531001973957684,-0.012244626895769689,-0.0037652754357980836
2021-01-22,-0.0035458068897437946,-0.009441738573706029,-0.007333083816742914,0.0012197219822246497
2021-01-25,0.003936135622013305,0.005962896922472101,0.011407351087639805,0.0016608709809143483
2021-01-26,-0.001562064316914755,0.010400931809661909,0.0114905838944085,-0.002436877852775829
2021-01-27,-0.02474409005307048,-0.015539207873798297,-0.026874134471536977,0.005309196828380764
2021-01-28,0.008563263812785453,0.01269483522153997,0.00829637826182774,-0.002098200104601342
2021-01-29,-0.020222633925234306,-0.020555808299329327,-0.01900259798510222,0.001325704413947183
2021-02-01,0.016508578076426337,0.006830005187568431,0.0029974304065658536,0.004845767364374155
2021-02-02,0.01404108759073149,0.009852366874166945,0.010168642865873646,0.0019756379108075155
2021-02-03,0.00078608898823779,-0.0038881580459689093,-0.0026048201103562618,-0.0008775143366304055
2021-02-04,0.011301622486433094,0.004908854296088701,0.011955263989407394,0.004489424778644839
2021-02-05,0.003928198847832952,0.012974290596716578,0.009122171097018072,-0.005367793625702383
2021-02-08,0.007196025480016851,0.005423069696199951,-0.003980736541950535,-0.0012089973403572323
2021-02-09,-0.0006661344240845406,-0.004416718296670639,-0.005714143695906561,-0.005403308689452706
2021-02-10,-0.00043578320707541505,-0.002014050931862749,-0.013703926067817089,-0.0007742900980358769
2021-02-11,0.0016138330156426314,0.01401415562775981,-0.02002493521117039,0.000553077309414763
2021-02-12,0.004927579405134763,0.007723701648351509,-0.00818317227773256,0.000663407293342946
2021-02-16,-0.0008663667026450174,-0.008320171265215358,0.0038025295585359395,0.0003314965319752256
2021-02-17,0.00022935540299335756,-0.0027887625358951926,0.0005951942649083088,0.004849505968666421
2021-02-18,-0.004265113398412229,0.012685921279874389,0.006744849234944832,-0.003966080153793787
2021-02-19,-0.0017673468451458619,-0.013085152504495767,-0.021353727701470183,-0.002542092901632561
2021-02-22,-0.007721677278682295,0.010323810720627302,-0.003931937174796515,-0.003880899352217214
2021-02-23,0.001213839526107496,-0.0017791246526623558,0.005967599403690672,0.001775958202869379
2021-02-24,0.010959090873875124,0.003357979475268024,-0.005210133763478406,0.00011091917189185196
2021-02-25,-0.024390814289965014,-0.010705945563836578,-0.015949127489192978,-0.0005546342822547459
2021-02-26,-0.0051661314384604156,-0.02380110600428818,-0.006250287502749645,0.008836940999226028
2021-03-01,0.02395136164133942,0.018404884243632055,0.011008097749963952,0.0012089973403573277
2021-03-02,-0.00783403679480242,0.004000074657765395,0.0034393203128677396,-0.002749822966663785
2021-03-03,-0.01333417470377077,-0.0023981408034453844,-0.014834548994486005,0.0017607139422175999
2021-03-04,-0.012452011033284766,-0.0008006876648083949,0.005549819143478485,0.0074488275925241945
2021-03-05,0.01822944260219597,0.01687728710405818,0.032081086651937145,0.003812499605701192
2021-03-08,-0.004991324635379285,0.016597004858866022,-0.00678851249101591,0.003581252946033692
2021-03-09,0.014176668414463156,-0.015219730304022837,0.0009077649983509924,-0.0037987616148852333
2021-03-10,0.006205436150578132,0.011339176638937411,0.010006597945809643,-0.0018503207341171804
2021-03-11,0.010087819349396126,-0.010945994496893,-0.0026987171143537146,-0.004039116330591091
2021-03-12,0.001346051931419702,-0.001983870219215712,-0.001352063943299118,0.0028400034205757637
2021-03-15,0.0059457819219789956,0.013216525933312946,-7.506939549183937e-05,0.001634805269908301
2021-03-16,-0.0012621402248312464,0.003716327361333114,0.0073398342937730215,0.0004355026147282135
2021-03-17,0.003404113433554371,0.0003905675342592156,-0.0029145483009670194,-0.00512906902515026
2021-03-18,-0.0146566514784537,-0.013162081619741294,-0.008191011569034592,0.004911299893786582
2021-03-19,-0.0018518932273686034,0.004734557931381182,0.014755160443229423,0.0007618185720016525
2021-03-22,0.007953241510958138,0.0037323889774095705,0.024239152664519693,-0.001306282750416477
2021-03-23,-0.007901932131775239,0.0076180987508550554,0.011974629151655626,0.0058650465498778625
2021-03-24,-0.0050964473815637975,0.002526470634813829,-0.004671752182909052,0.0020555256485557784
2021-03-25,0.005609884053000888,0.009658206516373564,0.005889859102082831,0.0037754047499120994
2021-03-26,0.015986429793047825,0.019418151221784658,0.021748394202347275,-0.0011850323387107644
2021-03-29,-0.0005052118327024589,0.015156013541703496,0.014678093855180789,0.0018308744458312438
2021-03-30,-0.00265641735270457,-0.013084352402529403,-0.015799855995739204,0.003865990636925039
2021-03-31,0.004044956388995502,-0.008312910442273554,-0.007676339102304964,-0.0007505462467723903
2021-04-01,0.010741205461639505,-0.003801590092563437,-0.0012025399542810187,-0.0032230694624324537
2021-04-05,0.014251137787106648,0.005696940373960954,0.013219114869762903,-0.0035573996792200506
2021-04-06,-0.0005906374932274779,0.00716980759054134,0.0035561690791015765,-0.002811747754088444
2021-04-07,0.0011564677508362953,0.0016907414040515708,-0.0018113508580854404,0.0012987312383333544
2021-04-08,0.004735507714983411,-0.0030076040517700575,-0.006085054034193186,-0.0043355967888385
2021-04-09,0.007243983644089696,0.0011289891471096228,0.00021034036034750842,0.0010857248146441691
2021-04-12,0.00036444918672813163,0.0031914484207684734,0.003151406437658941,-0.00021708380041506674
2021-04-13,0.002959381317875765,-0.004885371756379822,0.0002098628466086063,-0.0031523578351867953
2021-04-14,-0.0034210445225723403,-0.00018838234079712263,-0.006592969024620043,-0.0017434463598541732
2021-04-15,0.010685188215008128,0.00469894479301648,0.0014065898423952694,-0.0002181966892856798
2021-04-16,0.0033368526575381827,0.006541494321999457,0.012916085921159998,-0.001200683579453269
2021-04-19,-0.004925135537738622,0.0059434122736351435,0.004084098370955763,-0.005366030191090142
2021-04-20,-0.007348497310024821,0.003143213943559834,0.006610312153521058,0.0018649357741515197
2021-04-21,0.00941766806650732,0.008089763227735159,0.008678210576071313,-0.0008771294530661436
2021-04-22,-0.009175190441870474,-0.003117773609546606,-0.006210817246651181,0.0018630962025528643
2021-04-23,0.01078413234819128,0.0005508533060668286,-0.0016441402615752383,-0.005159473703611282
2021-04-26,0.0020853956615250785,-0.014982203686868723,-0.017082691688080732,-0.0005504822317883477
2021-04-27,-0.00021548194219941477,-0.0014918685821679876,-0.0032839230565029597,0.0011006615996028458
2021-04-28,-0.00028745738077094084,0.0001863943273686594,-0.0074459117155624465,-0.003305457446568389
2021-04-29,0.006352402990254274,0.012425014191238403,0.014767468395818172,0.0
2021-04-30,-0.0065919759974793326,-0.005173842333179649,0.001527394472006244,0.007367103210650321
2021-05-03,0.002154396565921881,0.009220081600766943,0.011243470564313835,-0.003621820770754076
2021-05-04,-0.0061884687053429645,-0.006260399235727788,-0.012631997057453001,0.0037313911958753746
2021-05-05,0.000312760966049886,-0.002589233149244884,-0.00048634932141253164,0.00021902128492277538
2021-05-06,0.007953906061279138,0.009950378351005849,0.011539266008092817,-0.003950412480798082
2021-05-07,0.007251799692100025,-0.0005502969627027197,0.0,-0.007947868199300788
2021-05-10,-0.009952027254667494,0.007311362116433475,0.00793759664124983,-0.0002217276908914321
2021-05-11,-0.0089647274257586,-0.010802919680908924,-0.007319457138409939,-0.0007762650283509166
2021-05-12,-0.021474233164196097,-0.005167960745128202,-0.00979731761214852,0.006303584042597337
2021-05-13,0.011940973543654526,0.008659518309603707,0.014728391421230067,0.0004408786110115878
2021-05-14,0.01523864795320295,0.004027945364358716,0.0015019448328179943,-0.004749556682382034
2021-05-17,-0.0025477757637595543,-0.0016458353105437465,-0.0028693806396745,-0.0011077709520344369
2021-05-18,-0.00865306732993223,-0.005505536729071926,-0.0045253909278630605,-0.0052231181421554815
2021-05-19,-0.0026252269596602536,-0.0031334407694863556,-0.0005498924210862201,0.0048905558788174585
2021-05-20,0.010700604688014969,0.008821906670676541,0.01230113474357969,-0.0042222827484724775
2021-05-21,-0.0008189589364623977,-0.0005489632191774898,-0.0008833665003721234,0.002335530075077542
2021-05-24,0.01014240109922344,0.003290243448487717,0.0050855240366011675,-0.0021128149491412614
2021-05-25,-0.0022211149148070293,-0.0001825784517399265,0.003039144739675996,-0.0021173735008629168
2021-05-26,0.001982704773047849,0.004370616428406296,0.0,0.004452384082731797
2021-05-27,0.000524880515225485,0.008324414249840583,-0.012143724486838404,-0.0007777312096204108
2021-05-28,0.0017869995310297302,-0.00361078933217023,0.009713148056312187,0.0006666395646189669
2021-06-01,-0.0008812899733983671,-0.00018096026580696902,-0.0020975932454822843,-0.00222391893686749
2021-06-02,0.0015715676608127362,0.003971950979435745,0.003988625349841232,0.0007789428259739803
2021-06-03,-0.0037184856746465965,0.0025192678459703506,0.0035614657105078502,0.006651892255236875
2021-06-04,0.009104467447285236,0.010726029093898755,0.001150747797496439,-0.003985840214529354
2021-06-07,-0.0009706900526411292,-0.0035626241457529465,-0.0006091706532591634,-0.00211008402207819
2021-06-08,0.00021317366841375033,-0.006983615425547899,-0.009384063153237686,0.0014442582490908809
2021-06-09,-0.0014930206398223228,-0.0030595667258748595,-0.001846232014705347,0.0004439613226216678
2021-06-10,0.004637560403539225,0.007720578025874519,0.01021462476209965,-0.00044396132262167307
2021-06-11,0.0016511638372935327,0.0044616281068651795,0.0006096797163207928,0.005314402777517413
2021-06-14,0.002236295241551313,-0.0034143670044432506,0.005940692807877262,-0.00044180381553857363
2021-06-15,-0.0018357744472316383,-0.0025236093145583048,6.733028283488818e-05,0.00022096843932471071
2021-06-16,-0.005598907252768453,-0.013444892019951029,-0.010010997745761556,0.006495276249203503
2021-06-17,-0.00033191516139035004,0.0051085522516191575,0.009606948031454286,0.008305174501724853
2021-06-18,-0.013581985193613817,-0.021707960744988024,-0.021093610848836063,0.003693290774446161
2021-06-21,0.014214352532161178,0.010912808583583133,0.007808827495610864,-0.004019808103027498
2021-06-22,0.005331955134538118,0.0036724880459797857,0.001499953272968891,-0.001416169424641615
2021-06-23,-0.0012060374097123854,-0.008097109888316596,-0.013236124904656792,0.0007628147526204546
2021-06-24,0.0058983705108459255,0.004976438132742748,0.005644976227353799,0.00021780462745181454
2021-06-25,0.0035456299779294247,-0.0012878449788816524,0.005067273950620353,-0.00010893793377954368
2021-06-28,0.002014019419179143,-0.0011050597898114916,0.00429375124052851,0.0007621503640877158
2021-06-29,0.0005379128653296497,-0.007399423429655786,-0.0006803425932846071,0.0018485929045953247
2021-06-30,0.0008413572878199736,0.004630891586432732,0.00833584611032256,0.00422787098454316
2021-07-01,0.005521310908925243,-0.0027757640925142667,0.00020241309298877255,0.0017293133570677275
2021-07-02,0.007614462495932472,0.0040688300819696896,0.004779466685656078,-0.004003631528917665
2021-07-06,-0.0018231527020704196,-0.005552656655109058,0.0014762994323363168,0.003463578348616495
2021-07-07,0.0035278280847136586,0.008133182298688124,0.004415866409755585,0.0009719352426031079
2021-07-08,-0.008181323932084827,-0.0035039304780929005,0.0004671634859000966,-0.003027016141569704
2021-07-09,0.010618130256920162,0.0060778890846670776,-0.002538859174549467,-0.002493397785878349
2021-07-12,0.0035755730728919055,0.0003672109374365542,0.00020053093587659953,0.001084900336228455
2021-07-13,-0.003414818334122193,0.009863174775754898,0.022813551753681844,0.005622207842502494
2021-07-14,0.001491076269719495,0.022286978082284276,0.010276308410352056,-0.003672463958666739
2021-07-15,-0.0034213325367009797,0.003194277935182728,0.004583941941731615,0.0022698931780359122
2021-07-16,-0.007874493535239191,-0.0007088216031421502,0.003664737113186413,0.0007554875203056658
2021-07-19,-0.014878102734609962,-0.011950610184356026,-0.00012830357663559964,0.002155372601518178
2021-07-20,0.014228809132451557,0.001792788683616729,0.00012830357663549434,0.000860882769104438
2021-07-21,0.008063614570377676,0.012813730816260758,-0.0037292790347535658,-0.0023691721102975303
2021-07-22,0.00209194659727693,-0.0014156022856077405,-0.00032214526460262586,0.0007544290376617758
2021-07-23,0.010235448822855273,0.009517173545162867,0.01274128320215177,0.0009691915436784198
2021-07-26,0.002451799906093153,0.0008767056410018436,-0.0006998155814506747,-0.0028023528682347702
2021-07-27,-0.004568009591048202,0.0034988714924768993,0.005523679337034835,-0.002377364622267452
2021-07-28,-0.0004100974653871962,-0.009122769946602478,-0.009223225028103098,-0.001190805124223257
2021-07-29,0.004138774876648517,0.005448575881782455,0.0020428851374324256,-0.004995113912144747
2021-07-30,-0.0048682605539734835,-0.00035073738565361283,0.0008923095481845661,0.0033689925974988775
2021-08-02,-0.002100321592596506,-0.002633597886726426,-0.004022093004366718,-0.0013027373071645913
2021-08-03,0.008102705678802523,0.0007030572591951553,0.0022364700067986046,0.0003258434667547592
2021-08-04,-0.0049310429604896185,-0.014511096451430682,-0.01686436748600895,0.0020612409097236274
2021-08-05,0.0063128054839681185,0.0071049487171673175,0.0016862116762871764,-0.0003251724075043607
2021-08-06,0.0016510614302676847,0.0024746953836938903,0.00012964746519026008,0.006052819876152756
2021-08-09,-0.0008137659783614939,0.00017666362858853566,0.00012963065890386622,0.0016150086577248935
2021-08-10,0.0012431491760046883,0.002644204188217725,0.0005181446840117261,0.0011827388465470963
2021-08-11,0.002481742810335893,-0.0012330247684687841,0.0039421804562635695,-0.0016130981128629257
2021-08-12,0.002992395672508449,0.0019371437497763936,0.00019344479438688567,0.0013981959816719556
2021-08-13,0.0018183334378898857,0.006837929490997224,0.009307188610902163,-0.005604716970647877
2021-08-16,0.0023518668951372193,0.004358651310329223,0.009727739668805746,0.0011882325349199946
2021-08-17,-0.006576836459323269,-0.0034853143959203935,-0.0009496537987607383,0.005383303426822316
2021-08-18,-0.011005294636109865,-0.013710948587214085,-0.010312439445202588,0.00010739395952473966
2021-08-19,0.0015470785679633837,0.006351376399984135,0.01668887130031952,0.004606085025175294
2021-08-20,0.00792549868288215,-0.0038766810162902104,-0.003530376488980923,-0.0007483797317099128
2021-08-23,0.008758117242257349,-0.0035373116768382764,-0.0031626701965731478,-0.005792153039656248
2021-08-24,0.0015861689926197642,-0.007647802797686552,-0.012494532285045514,-0.0007532924262474436
2021-08-25,0.002096148236838958,0.0010706969743252048,-0.0044361594501670515,-0.0006461076920804238
2021-08-26,-0.005920671807496917,-0.009497453327646031,-0.0036792999613533104,0.0024745370450904103
2021-08-27,0.00890135791872309,0.001978534667120346,0.0020027659939429333,-0.003983801954528375
2021-08-30,0.004387775212421746,0.009478769553305547,0.006818012219920314,-0.00043164902656945344
2021-08-31,-0.001482567739187896,0.002311437298146419,0.002496948103841099,-0.00021593558582103445
2021-09-01,0.0005312330893108364,0.006725559584540764,0.009672232217463292,-0.0019451087915149806
2021-09-02,0.0030720605802679584,0.001410184509426548,0.0007330306360814741,-0.00238243117827191
2021-09-03,-0.0002429931867972973,-0.0007047717363561985,0.0008915980859806772,-0.002062218530817531
2021-09-07,-0.00358179501805768,-0.01886189249051345,-0.0164305903341946,0.005201525965684434
2021-09-08,-0.0012190276569507888,0.013382498271437372,0.014072495997515755,0.0014041681207409436
2021-09-09,-0.004289411246273437,-0.009975405031728257,-0.006337080397438638,-0.001836527977560789
2021-09-10,-0.007915831556496503,-0.00448534088824599,-0.001735155319082664,0.0010807141581155692
2021-09-13,0.0025560211550396737,0.008237879590513354,0.0019278795060373864,0.00043197532570908435
2021-09-14,-0.005411151211256334,0.0007184470793037921,-0.00392414157252402,0.0003238384937360811
2021-09-15,0.008317926761595536,0.003406063579454455,0.005592072546146334,-0.0017284617313619013
2021-09-16,-0.001586417386168235,-0.009530038505770734,-0.0029527709204071407,0.003992481695302197
2021-09-17,-0.009788844939816993,-0.016577388670387612,-0.009235126128858441,0.003654699782772291
2021-09-20,-0.01681484053799973,-0.007004673876182308,-0.0033794482744097815,0.00042910230909895726
2021-09-21,-0.0009450235865764348,-0.00018509043406563823,-0.0004560089108231616,-0.0004291023090990229
2021-09-22,0.009707638687537221,0.0014790916383104042,0.0030564930030175146,0.002785838528990561
2021-09-23,0.012076732755335221,-0.00166399146858625,0.0007789641822154434,-0.0038593595830085066
2021-09-24,0.001645840644846146,-0.0027797124764146514,0.0004539503682295494,0.002467451303454375
2021-09-27,-0.0028649929082385627,-0.005209163285570025,-0.00964419366665257,0.0005355409330335053
2021-09-28,-0.020357772781843888,-0.018259348319436052,-0.010995383377844024,0.00416777950204647
2021-09-29,0.0016817085490460856,0.0060605476619805055,0.008241489158940499,0.006060299406031902
2021-09-30,-0.012297591196529303,-0.009295198831845439,-0.01248745976726178,-0.0009544127097906373
2021-10-01,0.011814078891197543,0.010427526263074721,0.0035839382857523836,-0.0022305929207415798
2021-10-04,-0.012979905986347485,-0.000565888782767006,-0.004980977689849487,-0.0024487992945298764
2021-10-05,0.010351276517946949,0.0016968591867918379,0.005907785532505287,0.001810595281479932
2021-10-06,0.004147494354081006,0.01179905101591181,0.025291626684843527,0.003080940403953685
2021-10-07,0.008608430559802038,0.003160091062244572,0.009185782832017661,-0.0005304835705060195
2021-10-08,-0.0018252993992959063,0.004444526605818635,-0.0023047760217144646,-0.0015933034880511287
2021-10-11,-0.007266142998330984,0.002030364031591935,0.0013452871040934556,0.0026540702538542737
2021-10-12,-0.0024645721350137566,0.0,0.004406313020175188,0.0021181638095369793
2021-10-13,0.0035911888534979008,0.00018440145256631274,0.006732138332577055,-0.004665913190058471
2021-10-14,0.016680708471046017,0.006798465249206723,0.008006171058168168,-0.001276353566144664
2021-10-15,0.007586955913624403,-0.002383447040089904,-0.0028295416347796204,-0.00021284345906875498
2021-10-18,0.002956085971574186,-0.00996145677241889,-0.004544087849728664,0.00010638678884283328
2021-10-19,0.007685271504148139,0.003885899285033857,0.012634214962682121,-0.0017044430943799318
2021-10-20,0.003920102218972727,0.008825133663759971,0.007529489728287267,-0.0024553346608808483
2021-10-21,0.002604751345035913,-0.005138643082579608,-0.013292621195468736,0.002242024010452385
2021-10-22,-0.0010366281136661366,0.0018382730418644824,0.004950715975736828,-0.0017077177280720903
2021-10-25,0.00534851522630614,-0.00404862579734278,-0.004699360844055519,0.0021342122090419174
2021-10-26,0.0008995716818816828,0.004415904989363339,0.012172703522044918,0.001491259263838429
2021-10-27,-0.004440047250045125,0.019093241987694853,-0.003480510497566369,-0.0009583765076287842
2021-10-28,0.009602654676139794,0.009322404593272758,0.006268876721978955,-0.005448463227110494
2021-10-29,0.0020269760716377762,0.005871398166018304,-0.00012375357152461945,0.00821473939891801
2021-11-01,0.001718744101303922,-0.0035542952293187856,-0.0021064568617947146,-0.0025532513143497375
2021-11-02,0.0040350817152724466,-0.001247120259851894,0.009135982177893258,0.0022343903708122413
2021-11-03,0.0060864840874882906,0.0033811410392027555,0.009540201349843281,-0.002447415228269999
2021-11-04,0.004701473543596924,0.005492139309132032,6.086186578199833e-05,0.005206938772963419
2021-11-05,0.0034636537537613794,0.004231317717584023,0.01023280810262053,-0.0003180026484424563
2021-11-08,0.0008533894685815182,-0.00901310360880359,-0.021740648619266636,-0.0028666647982914274
2021-11-09,-0.003310881381851841,0.002836450084935296,0.006627049709903696,-0.0009574381483746513
2021-11-10,-0.008077309157143971,0.004063232669610082,0.0032362188684547767,0.009427530246825844
2021-11-11,0.0003234959358962679,0.0003525828263430878,-0.00826377422703132,0.0034731586055271276
2021-11-12,0.007518479438582867,-0.0022937989745533795,-0.00024599336575505907,-0.0005254905527815986
2021-11-15,0.0003423098582641204,0.0001765064232137031,0.007045848480902181,0.002939084800136806
2021-11-16,0.00395002414628267,-0.007089570360519008,-0.002996204118445974,0.005331058483243259
2021-11-17,-0.002432251376901565,-0.005529509075805973,0.0003674271852567842,-0.0009386841668716006
2021-11-18,0.0033907297558861058,-0.0089831364250262,0.0003058070395226077,-0.00303078991851706
2021-11-19,-0.0017897557597415913,-0.005065903607721179,0.0023837226139916314,0.005532071700573137
2021-11-22,-0.002819288080794882,0.0061484104383640265,0.002073601796347515,0.0044659190998912884
2021-11-23,0.0013252509214106898,0.00736414448216676,0.006678773401973907,-0.0001036544520456188
2021-11-24,0.0026660914578176963,-0.008085661125753988,-0.009179590311459889,0.003620740360880322
2021-11-26,-0.022555516178069054,-0.031149494651224918,-0.016006402234504922,-0.0077748800758427
2021-11-29,0.012191952699150707,0.015696103014191578,0.018446199855009535,0.002598349011796134
2021-11-30,-0.01964941763588961,-0.03208236772161608,-0.02692180574695599,-0.00363956606900207
2021-12-01,-0.01116934790273415,-0.0028638545347626984,0.002375424753313101,0.0006249238664344374
2021-12-02,0.015200208281663309,0.014615356300589064,0.00960242559195296,0.0008324925190247657
2021-12-03,-0.008739399666123733,0.008817311955226814,0.025145260116515054,-0.00010397406340636346
2021-12-06,0.011773626038198145,0.025266397861586385,0.010328308729291434,0.0017670413174344897
2021-12-07,0.020473937853454787,0.005448553299488231,-0.0011422612569407869,0.0008304976033663046
2021-12-08,0.0026444019601920984,-0.0038109264050943444,0.0017431602791186719,-0.004993283563112237
2021-12-09,-0.006774452629023589,-0.002548661170914944,-0.0012621706163177093,0.003955014119420443
2021-12-10,0.009369500739584653,0.025554742102175516,0.015867788419845444,-0.00228778793272734
2021-12-13,-0.008897757989496853,0.02595723226721506,0.004958983222394833,0.0028070574049968754
2021-12-14,-0.006903809761405522,0.0006923103741295953,-0.0024764648880501007,0.0025921524265177876
2021-12-15,0.015504192804635821,0.004488233798211772,0.012787594254564593,-0.0006214787648215598
2021-12-16,-0.008857577690507178,0.010110630124619316,0.0014561590118649377,-0.0048818711680303295
2021-12-17,-0.010699981637397401,-0.015810652170397458,-0.020699208685158347,0.005503349932851982
2021-12-20,-0.010690338647991508,-0.0032965409370384322,0.0066325830157376465,-0.00020709033609644367
2021-12-21,0.01760306370010405,0.003989210919958246,-0.0029555992686975756,-0.0006216865896843751
2021-12-22,0.009949052280688313,0.007071995462126787,0.006196700584395601,-0.004258157063561704
2021-12-23,0.006202888805470578,0.0006872452603688226,-0.00111839056835488,-0.0006247286873139679
2021-12-27,0.014052840017049938,0.007358741464982,0.009904735386800496,0.0007287460359134823
2021-12-28,-0.0008174029181219598,0.003913859432769667,0.005177083250028055,0.001144111770673744
2021-12-29,0.0012783269689623851,0.0011882027397996447,0.0035329185693892904,-0.002810563937515839
2021-12-30,-0.002768407197290079,-0.0028880880584528524,-0.001736090015976098,0.00041689333807850074
2021-12-31,-0.0025233357866607836,0.007288821412473856,0.006005167071802187,-0.0031309047983704877
2022-01-03,0.005773328423706972,0.0015189236472462667,-0.004211283922216807,0.0059402989187165
2022-01-04,-0.00033501709882017747,0.016556839883751766,0.001444113222202895,0.0005194312906987
2022-01-05,-0.019388954237520385,0.008259066861462747,0.0034001890472489123,-0.001039053214607986
2022-01-06,-0.0009399165148914028,-0.005277885531061964,0.00023011426641149019,0.0006235456222880722
2022-01-07,-0.003961186728401386,-0.0023178466856855523,0.0012645449852398732,-0.005312811516362239
2022-01-10,-0.0012451877820251693,0.0016561147911433177,0.0005167948802230607,0.002607835469195086
2022-01-11,0.009066960059096905,0.0003309871757557194,-0.00045946212142671824,-0.0038619651988411473
2022-01-12,0.0026998869644119547,0.0014876565148124778,-0.0010920003723446324,-0.006505140321344484
2022-01-13,-0.013874344853098866,0.005928923125069253,0.0016087656317950818,-0.002212963477110414
2022-01-14,0.0004089809298450228,0.008013725032836014,0.008347427155219626,0.0040008187209907
2022-01-18,-0.017868262670693916,-0.008013725032835978,-0.009611245917228783,0.005867017180523348
2022-01-19,-0.010438006834532285,0.001640561025950196,0.007160026520894756,-0.0023007876117351906
2022-01-20,-0.01112966554657505,-0.00410675781906414,-0.007274964938396458,0.0024051852383221925
2022-01-21,-0.01982581095861804,-0.004950382846767914,0.0016084877502687389,-0.0010450254431677937
2022-01-24,0.004237626715569356,-0.00813898073174769,-0.005121485831661631,0.0029233554215008957
2022-01-25,-0.012284111609107909,-0.0023376518359077138,-0.011547385075302171,0.00031269901813458834
2022-01-26,-0.0025120214333043704,-0.0036845005058696585,-0.010620117972990985,0.0056121632448956965
2022-01-27,-0.004950121305256109,0.0008386773577672945,-0.0009443038905798103,0.007948473046866394
2022-01-28,0.02453199547152291,0.019753352439542893,0.019296619510841332,0.00010275543008731461
2022-01-31,0.01785090087108782,0.002790237759142548,0.004910684572565117,-0.00753314265410261
2022-02-01,0.006734085037976912,-0.007403224836877921,-0.0068235185525638165,-0.0015549842519736819
2022-02-02,0.009667284732793893,0.010185830224935816,0.017998703689000587,-0.004679433942635032
2022-02-03,-0.02378559739618381,0.007003824941825214,-0.0005700585914180079,-0.0058541374472642115
2022-02-04,0.004691108730662762,-0.010606272871004033,-0.016558654054323906,0.0010479525552560794
2022-02-07,-0.003214367552585754,0.010443876270027474,-0.003950072655364055,-0.0008382421803503835
2022-02-08,0.008194102205386473,0.006472528397769909,0.0012214184019105842,0.0025125417595850096
2022-02-09,0.0145300857008652,-0.015604939526426888,-0.00046502003911757877,-0.0015696286175007012
2022-02-10,-0.018128960450105112,0.005554765420599182,-0.020981720670816707,0.0006281950342758991
2022-02-11,-0.01991572702186923,-0.01791795911539077,0.001246547708897441,0.005531494204194163
2022-02-14,-0.003274742401672593,0.00644797534986749,-0.011214721263234894,0.0030137815342469367
2022-02-15,0.01599826549162594,0.0037831719789096305,-0.004448999021348863,-0.0039509812428535395
2022-02-16,0.0011202352976921895,-0.00016413107728113286,0.0020466994908164664,-0.0030257305506146844
2022-02-17,-0.021592971757021368,0.01983481198364381,0.002702193591318194,0.0010444502622120751
2022-02-18,-0.006496117043491185,0.006738316151309632,0.005740670177052195,0.002502064053499768
2022-02-22,-0.010789590841421918,-0.004165987995332592,0.003808949657485237,-0.00010415094762741463
2022-02-23,-0.01789790082318168,-0.011140844022355267,-0.009909484310256568,0.0016647976074093411
2022-02-24,0.01493711105756694,-0.01769090316977898,-0.017550622356609966,0.009827803088777518
2022-02-25,0.021824002653456298,0.037942270970463154,0.027638138371990237,-0.005367443081482192
2022-02-28,-0.002561829219847134,-0.009752888881477254,-0.027943452898132916,0.0009310127092420202
2022-03-01,-0.015347416154501674,-0.00434753690909257,-0.00901821827413675,0.007212112115519748
2022-03-02,0.018229030962450304,0.007395521304983709,0.013770483516383221,-0.00020538267164137
2022-03-03,-0.004990838755737999,0.0006404751332958087,-0.001071173192594071,0.004098801980339983
2022-03-04,-0.008157793944481325,0.0015994918262828357,0.015075269948656553,0.008755916249864687
2022-03-07,-0.02992243543972453,-0.024101427889103102,-0.020110401297346592,0.006466622330017505
2022-03-08,-0.007610521479534407,-0.040426446686666936,-0.02859826780364476,-0.002319167751884464
2022-03-09,0.0264577972684582,0.005101194930737114,-0.0029816983807925686,-0.011064380697839504
2022-03-10,-0.004525982262423485,-0.018487440344066026,-0.018531438891373625,0.005496765736485601
2022-03-11,-0.012796590051464695,0.0006908755692225012,-0.005061054024061585,0.006173177477547135
2022-03-14,-0.007335133873143729,0.018273319157328397,0.013952932015657215,-0.0006055625161930736
2022-03-15,0.021752054370196807,0.018280709930386788,0.019753602379339777,0.00010096539017436418
2022-03-16,0.021932109781493778,-0.002687336033038535,0.0043927544383871135,-0.006989164455433316
2022-03-17,0.012433182195066202,0.01053967694317073,0.007734673461816601,-0.003767967371965736
2022-03-18,0.010893360454889313,0.0001664072379239109,0.0114293903301458,0.00224216578386301
2022-03-21,-0.00029251423648318596,0.00795502484187862,-0.00141403570000569,0.002744846317045894
2022-03-22,0.011633365353858465,0.0036249398369419305,0.010890297903437528,-0.00010154968625342597
2022-03-23,-0.012961973893823121,-0.00660058062371451,-0.005246793049897733,0.0013191101543423302
2022-03-24,0.01496179764567326,0.009556739451825707,0.006037611937537336,0.0017222856776596017
2022-03-25,0.0048718254339285404,0.008978876805735688,0.004670761918748123,0.00020239517499074362
2022-03-28,0.0070878042468776,0.006318392808537198,0.0029609581806701,0.002829701614618768
2022-03-29,0.012294864563479481,0.003868442204662211,0.014734404517766052,-0.006987671548294082
2022-03-30,-0.00619388934532274,0.0008040078947998847,-0.0013685102908969802,-0.006218487878745843
2022-03-31,-0.015510907717777031,-0.0033813273358526776,-0.0034590638031600385,0.005303394858718424
2022-04-01,0.0028300250157138633,0.013934800097362143,0.014118926723726546,0.003249720573493351
2022-04-04,0.008530138023460457,-0.005262750689916622,-0.0025950884116636703,0.003643366232877342
2022-04-05,-0.012711785789372633,-0.0011199376828838344,0.0010622622135571433,0.004837290084945272
2022-04-06,-0.010049744289336936,0.010034317436543662,0.016906447399092094,0.0013060458340874033
2022-04-07,0.005026282115443587,0.005373749246850118,0.0009276953453984085,0.0015049064994896637
2022-04-08,-0.002677418481532137,0.006128808125366751,0.0033558716672869326,0.0005011581261806145
2022-04-11,-0.017240098614774952,-0.00031332647496570755,-0.0030660109346832922,0.001301730031439985
2022-04-12,-0.0037120518012708974,0.011685016408415046,0.004047235643396153,0.0035960543013233825
2022-04-13,0.011388454742142968,0.0026297507434056813,-0.0017323798826340392,-0.004096560316163609
2022-04-14,-0.01252997487320728,0.004470066562962708,-0.006378815424612906,0.004395635929833935
2022-04-18,0.0004110574070484402,-0.008960266275817369,-0.008646888903000641,0.004574837297311401
2022-04-19,0.01601373582441669,0.009729167528229457,0.014447331725156944,0.0017844785847858184
2022-04-20,-0.0007418028129201574,0.013584786757285893,0.014754812075781411,-0.005661795101053662
2022-04-21,-0.015066396294100731,0.003782982318580653,-0.0035969280941558985,0.0018908543251458386
2022-04-22,-0.02782274562701291,-0.01460539201689788,-0.01550503574217807,0.006342928897055712
2022-04-25,0.005780962796756825,0.010519323775069955,0.00919365309631711,0.005222446476871968
2022-04-26,-0.029388399871658505,-0.01358917812935495,-0.0025357488506740377,0.005390878466330695
2022-04-27,0.00280778154071118,0.007809493965833471,0.008904478228661578,0.006333701041656429
2022-04-28,0.02494564159190374,0.009563690527970207,0.015042033406454701,0.006486984062242926
2022-04-29,-0.03765584376130844,-0.02416023335764442,-0.03316370755640316,-0.006389833497131495
2022-05-02,0.006001360343052107,-0.01827469045843926,-0.023272617223674245,0.0075471939352929965
2022-05-03,0.004573659205790758,-0.0056906379237034775,0.001370235367414788,-0.0026060209165841316
2022-05-04,0.02999845918795825,0.030444866719113676,0.034345888013109026,-0.00854130101144413
2022-05-05,-0.036189812048125304,-0.008028461140250024,-0.020160544256224305,0.011243732707740027
2022-05-06,-0.005986787132601506,0.0035589608381108857,0.0001173123244283507,-0.0008678110211619636
2022-05-09,-0.03254121586870923,-0.0020100380348318046,0.007541700508026408,-9.649448640132322e-05
2022-05-10,0.0023080005499477897,-0.0093297922622999,-0.001223849358533514,0.002601501139250629
2022-05-11,-0.016013715249098653,0.004675745706365616,-0.004851675988997087,-0.0006738191134784396
2022-05-12,-0.0010444746762999523,0.003105123752655148,-0.001524643096374712,0.00958320716594217
2022-05-13,0.02362643290384808,0.018582942638202458,0.01929616623812078,-0.0027696968283255044
2022-05-16,-0.004065753872287685,0.0036452930815196335,0.01002328298468192,-0.003544867110290127
2022-05-17,0.020361766472789172,-0.0027326626488548486,-0.005772623992255705,-0.007998132916947438
2022-05-18,-0.04114668743017565,-0.07216857631403958,-0.06396553124780122,0.004344235747732309
2022-05-19,-0.0061433109949433455,-0.019802645546175963,-0.01508417572360796,-0.010555429861684978
2022-05-20,0.00043638263408174243,0.01620131034835028,0.006245989196264677,0.004177402484633121
2022-05-23,0.018537097009372894,0.0303641175940098,0.020683499828144988,-0.010427416776148505
2022-05-24,-0.007663013900333339,0.01828538162998572,0.013316759397472294,-0.002157510085405724
2022-05-25,0.00879606252771526,0.0007807201214235253,0.006829196005843129,0.001961524266019214
2022-05-26,0.019784485976438254,0.0035835447041746575,0.006724026416984149,-0.0022560775494814803
2022-05-27,0.02425259323866213,0.005892360592446102,0.00971107316065522,-0.0015725178877736038
2022-05-31,-0.005626843293565085,-0.02030373701910226,-0.023681572047123203,0.0007865680454184721
2022-06-01,-0.008121309112722895,-0.004903063256176191,-0.007539473282274075,0.007831689954415202
2022-06-02,0.01886445789811211,0.010410126555789684,0.008071692742741682,-0.007635182058772788
2022-06-03,-0.0165478644643865,-0.011996963198595197,-0.011039695410522288,0.0036290830255138835
2022-06-06,0.003040259539244438,-0.0015892952487113342,0.00417682166980578,0.0029328699200116574
2022-06-07,0.009546444372416935,0.0060260446932193165,0.0061427946268672986,-0.0011721308758476294
2022-06-08,-0.010931581574232185,-0.005708034252146337,-0.0049957065800381095,0.0021478209960193377
2022-06-09,-0.024070337805057997,-0.017483845278307444,-0.01796037198770547,0.006609669262763562
2022-06-10,-0.029424418513145808,-0.006330570837383072,-0.00159833343234078,0.008969537810954704
2022-06-13,-0.03870761337425199,-0.001140557304251317,-0.017253757300811745,0.008889799884915986
2022-06-14,-0.0030178250432639554,-0.02780496177278651,-0.022922631109116763,0.004178494353135296
2022-06-15,0.014155655582980932,0.007401126251260146,0.010640150785988295,-0.00341744190996728
2022-06-16,-0.03365610693504047,-0.010106193709277535,-0.004828111983652818,-0.014656197993455643
2022-06-17,0.002153423579875651,0.006075977467983786,0.00019102065326966262,0.010272252036460785
2022-06-21,0.024861885977165533,0.021144512118147017,0.022973572305528805,-0.002486321521762925
2022-06-22,-0.0018146270926522434,0.007386272843407615,0.008179884320809405,-0.0023006671753256704
2022-06-23,0.009754927095837721,0.011867113376491873,0.01269458530765243,0.002204893381994091
2022-06-24,0.03129879743508164,0.018572482748229025,0.012294777187774095,-0.0023008145574139054
2022-06-27,-0.003826964680601516,-0.0020643954211222266,0.0013232734851951393,-0.002402345787436545
2022-06-28,-0.02064450841537478,-0.010064770423266122,-0.014166529763473547,0.005468947977946237
2022-06-29,-0.0008147499634726975,0.007199497657077699,0.01644823975722715,0.00572464559519891
2022-06-30,-0.00815748691723095,0.002865272766188344,-0.0004199439347583707,-0.004003800990449824
2022-07-01,0.01052112957543194,0.023097855737798132,0.01624806180007124,0.00428916393456827
2022-07-05,0.0018866064894447953,-0.01723372290319617,-0.0022459322396224256,0.0128521955633097
2022-07-06,0.0033717612167607856,0.002052274880289627,0.00994976230955345,0.005617978056987879
2022-07-07,0.014865979492032515,-0.007916407714891771,-0.0019937383161043793,0.0002800614301565808
2022-07-08,-0.0008228204199486285,0.0036493377431468907,0.00888279934703444,-0.001120716634809592
2022-07-11,-0.011489394935588617,-0.0031725894406949315,-0.008237372120807343,0.009394056085966329
2022-07-12,-0.008888266813846165,-0.004299002489886911,-0.005706490062912282,0.0004627984034218187
2022-07-13,-0.005265496878946087,-0.004638184845981034,0.0035336218409064975,-0.0010183828216448385
2022-07-14,-0.0024314900229488847,-0.003211240795454146,0.005160015146692389,0.00535799740063118
2022-07-15,0.018924913593831732,0.0051330471079885035,0.0008185962864702396,-0.004432171247331337
2022-07-18,-0.008291261876965743,-0.013693302772691549,-0.0168545982854578,-0.006405766796279031
2022-07-19,0.026660526892145035,0.01417317782053993,0.010640781576155011,-0.006447136852099755
2022-07-20,0.006352983582977342,-0.016609182794268762,-0.010640781576154999,0.0037425335775484662
2022-07-21,0.010131781762715128,-0.002278971031151056,0.0014846667475718605,-0.0015888424724861694
2022-07-22,-0.009321433982884219,0.003741350295282451,0.006506492296152445,-0.001685080901090523
2022-07-25,0.001214213069624931,0.009694624880870226,0.0014140489852040412,-0.0023451067651711743
2022-07-26,-0.011901503048206028,0.01626834742901086,0.011589934464078456,0.006645777866585077
2022-07-27,0.025634903331491852,-0.003169196056978043,-0.0013977434636282056,-0.006927620808838823
